province,city,cityLink
上海,上海,https://you.ctrip.com/sight/shanghai2.html
北京,北京,https://you.ctrip.com/sight/beijing1.html
天津,天津,https://you.ctrip.com/sight/tianjin154.html
重庆,重庆,https://you.ctrip.com/sight/chongqing158.html
香港,香港,https://you.ctrip.com/sight/hongkong38.html
澳门,澳门,https://you.ctrip.com/sight/macau39.html
台湾,台北,https://you.ctrip.com/sight/taipei360.html
台湾,高雄,https://you.ctrip.com/sight/kaohsiung756.html
台湾,台中,https://you.ctrip.com/sight/taichung1369.html
台湾,新北,https://you.ctrip.com/sight/newtaipeicity2063.html
台湾,桃园,https://you.ctrip.com/sight/taoyuan1439.html
台湾,台南,https://you.ctrip.com/sight/tainan757.html
台湾,花莲,https://you.ctrip.com/sight/hualien1366.html
台湾,屏东,https://you.ctrip.com/sight/pingtung1364.html
台湾,宜兰,https://you.ctrip.com/sight/yilan1383.html
台湾,南投,https://you.ctrip.com/sight/nantou759.html
台湾,台东,https://you.ctrip.com/sight/taitung760.html
台湾,嘉义市,https://you.ctrip.com/sight/chiayicity758.html
台湾,嘉义县,https://you.ctrip.com/sight/chiayicounty3182.html
台湾,新竹,https://you.ctrip.com/sight/hsinchu1197.html
台湾,澎湖,https://you.ctrip.com/sight/penghu1367.html
台湾,新竹县,https://you.ctrip.com/sight/hsinchucounty3198.html
台湾,苗栗,https://you.ctrip.com/sight/miaoli3199.html
台湾,基隆,https://you.ctrip.com/sight/jilong1382.html
海南,三亚,https://you.ctrip.com/sight/sanya61.html
海南,海口,https://you.ctrip.com/sight/haikou37.html
海南,万宁,https://you.ctrip.com/sight/wanning846.html
海南,三沙,https://you.ctrip.com/sight/sansha120101.html
海南,琼海,https://you.ctrip.com/sight/qionghai843.html
海南,文昌,https://you.ctrip.com/sight/wenchang1007.html
海南,儋州,https://you.ctrip.com/sight/danzhou841.html
海南,东方,https://you.ctrip.com/sight/dongfang842.html
海南,五指山,https://you.ctrip.com/sight/wuzhishan982.html
浙江,杭州,https://you.ctrip.com/sight/hangzhou14.html
浙江,宁波,https://you.ctrip.com/sight/ningbo83.html
浙江,温州,https://you.ctrip.com/sight/wenzhou153.html
浙江,舟山,https://you.ctrip.com/sight/zhoushan479.html
浙江,绍兴,https://you.ctrip.com/sight/shaoxing18.html
浙江,湖州,https://you.ctrip.com/sight/huzhou68.html
浙江,台州,https://you.ctrip.com/sight/taizhou402.html
浙江,金华,https://you.ctrip.com/sight/jinhua219.html
浙江,嘉兴,https://you.ctrip.com/sight/jiaxing272.html
浙江,衢州,https://you.ctrip.com/sight/quzhou174.html
浙江,丽水,https://you.ctrip.com/sight/lishui441.html
广东,广州,https://you.ctrip.com/sight/guangzhou152.html
广东,深圳,https://you.ctrip.com/sight/shenzhen26.html
广东,珠海,https://you.ctrip.com/sight/zhuhai27.html
广东,佛山,https://you.ctrip.com/sight/foshan207.html
广东,东莞,https://you.ctrip.com/sight/dongguan212.html
广东,汕头,https://you.ctrip.com/sight/shantou215.html
广东,惠州,https://you.ctrip.com/sight/huizhou213.html
广东,潮州,https://you.ctrip.com/sight/chaozhou467.html
广东,揭阳,https://you.ctrip.com/sight/jieyang835.html
广东,湛江,https://you.ctrip.com/sight/zhanjiang202.html
广东,清远,https://you.ctrip.com/sight/qingyuan517.html
广东,中山,https://you.ctrip.com/sight/zhongshan233.html
广东,肇庆,https://you.ctrip.com/sight/zhaoqing269.html
广东,江门,https://you.ctrip.com/sight/jiangmen362.html
广东,韶关,https://you.ctrip.com/sight/shaoguan222.html
广东,惠东,https://you.ctrip.com/sight/huidong956.html
广东,龙门,https://you.ctrip.com/sight/longmen2949.html
广东,汕尾,https://you.ctrip.com/sight/shanwei624.html
广东,茂名,https://you.ctrip.com/sight/maoming615.html
广东,阳江,https://you.ctrip.com/sight/yangjiang363.html
广东,云浮,https://you.ctrip.com/sight/yunfu836.html
江苏,南京,https://you.ctrip.com/sight/nanjing9.html
江苏,苏州,https://you.ctrip.com/sight/suzhou11.html
江苏,无锡,https://you.ctrip.com/sight/wuxi10.html
江苏,扬州,https://you.ctrip.com/sight/yangzhou12.html
江苏,徐州,https://you.ctrip.com/sight/xuzhou230.html
江苏,常州,https://you.ctrip.com/sight/changzhou206.html
江苏,南通,https://you.ctrip.com/sight/nantong85.html
江苏,盐城,https://you.ctrip.com/sight/yancheng493.html
江苏,淮安,https://you.ctrip.com/sight/huaian351.html
江苏,连云港,https://you.ctrip.com/sight/lianyungang238.html
江苏,镇江,https://you.ctrip.com/sight/zhenjiang13.html
江苏,泰州,https://you.ctrip.com/sight/taizhou494.html
江苏,宿迁,https://you.ctrip.com/sight/suqian492.html
山东,青岛,https://you.ctrip.com/sight/qingdao5.html
山东,济南,https://you.ctrip.com/sight/jinan128.html
山东,烟台,https://you.ctrip.com/sight/yantai170.html
山东,威海,https://you.ctrip.com/sight/weihai169.html
山东,潍坊,https://you.ctrip.com/sight/weifang226.html
山东,泰安,https://you.ctrip.com/sight/taian746.html
山东,临沂,https://you.ctrip.com/sight/linyi480.html
山东,淄博,https://you.ctrip.com/sight/zibo536.html
山东,济宁,https://you.ctrip.com/sight/jining658.html
山东,日照,https://you.ctrip.com/sight/rizhao622.html
山东,菏泽,https://you.ctrip.com/sight/heze708.html
山东,德州,https://you.ctrip.com/sight/dezhou603.html
山东,聊城,https://you.ctrip.com/sight/liaocheng635.html
山东,枣庄,https://you.ctrip.com/sight/zaozhuang656.html
山东,东营,https://you.ctrip.com/sight/dongying612.html
山东,滨州,https://you.ctrip.com/sight/binzhou660.html
辽宁,沈阳,https://you.ctrip.com/sight/shenyang155.html
辽宁,大连,https://you.ctrip.com/sight/dalian4.html
辽宁,锦州,https://you.ctrip.com/sight/jinzhou513.html
辽宁,营口,https://you.ctrip.com/sight/yingkou692.html
辽宁,鞍山,https://you.ctrip.com/sight/anshan229.html
辽宁,丹东,https://you.ctrip.com/sight/dandong315.html
辽宁,葫芦岛,https://you.ctrip.com/sight/huludao345.html
辽宁,盘锦,https://you.ctrip.com/sight/panjin602.html
辽宁,朝阳,https://you.ctrip.com/sight/chaoyang1104.html
辽宁,辽阳,https://you.ctrip.com/sight/liaoyang881.html
辽宁,阜新,https://you.ctrip.com/sight/fuxin879.html
辽宁,本溪,https://you.ctrip.com/sight/benxi463.html
辽宁,铁岭,https://you.ctrip.com/sight/tieling589.html
辽宁,抚顺,https://you.ctrip.com/sight/fushun514.html
福建,厦门,https://you.ctrip.com/sight/xiamen21.html
福建,福州,https://you.ctrip.com/sight/fuzhou164.html
福建,泉州,https://you.ctrip.com/sight/quanzhou243.html
福建,漳州,https://you.ctrip.com/sight/zhangzhou334.html
福建,晋江,https://you.ctrip.com/sight/jinjiang675.html
福建,莆田,https://you.ctrip.com/sight/putian317.html
福建,南平,https://you.ctrip.com/sight/nanping827.html
福建,龙岩,https://you.ctrip.com/sight/longyan366.html
福建,三明,https://you.ctrip.com/sight/sanming620.html
四川,成都,https://you.ctrip.com/sight/chengdu104.html
四川,绵阳,https://you.ctrip.com/sight/mianyang915.html
四川,宜宾,https://you.ctrip.com/sight/yibin278.html
四川,乐山,https://you.ctrip.com/sight/leshan103.html
四川,南充,https://you.ctrip.com/sight/nanchong782.html
四川,自贡,https://you.ctrip.com/sight/zigong575.html
四川,达州,https://you.ctrip.com/sight/dazhou910.html
四川,简阳,https://you.ctrip.com/sight/jianyang3122.html
四川,德阳,https://you.ctrip.com/sight/deyang462.html
四川,内江,https://you.ctrip.com/sight/neijiang823.html
四川,资阳,https://you.ctrip.com/sight/ziyang918.html
四川,雅安,https://you.ctrip.com/sight/yaan917.html
四川,广元,https://you.ctrip.com/sight/guangyuan593.html
四川,遂宁,https://you.ctrip.com/sight/suining605.html
四川,广安,https://you.ctrip.com/sight/guangan693.html
四川,巴中,https://you.ctrip.com/sight/bazhong703.html
四川,泸州,https://you.ctrip.com/sight/luzhou604.html
四川,眉山,https://you.ctrip.com/sight/meishan914.html
四川,阿坝藏族羌族自治州,https://you.ctrip.com/sight/abaprefecture744.html
四川,甘孜藏族自治州,https://you.ctrip.com/sight/ganziprefecture754.html
四川,攀枝花,https://you.ctrip.com/sight/panzhihua786.html
湖北,武汉,https://you.ctrip.com/sight/wuhan145.html
湖北,宜昌,https://you.ctrip.com/sight/yichang313.html
湖北,襄阳,https://you.ctrip.com/sight/xiangyang414.html
湖北,荆州,https://you.ctrip.com/sight/jingzhou413.html
湖北,恩施土家族苗族自治州,https://you.ctrip.com/sight/enshiprefecture487.html
湖北,十堰,https://you.ctrip.com/sight/shiyan464.html
湖北,黄石,https://you.ctrip.com/sight/huangshi710.html
湖北,咸宁,https://you.ctrip.com/sight/xianning861.html
湖北,孝感,https://you.ctrip.com/sight/xiaogan862.html
湖北,神农架,https://you.ctrip.com/sight/shennongjia147.html
湖北,荆门,https://you.ctrip.com/sight/jingmen634.html
湖北,鄂州,https://you.ctrip.com/sight/ezhou858.html
湖北,随州,https://you.ctrip.com/sight/suizhou860.html
湖北,天门,https://you.ctrip.com/sight/tianmen987.html
湖北,黄冈,https://you.ctrip.com/sight/huanggang859.html
湖北,潜江,https://you.ctrip.com/sight/qianjiang985.html
湖北,仙桃,https://you.ctrip.com/sight/xiantao775.html
吉林,长春,https://you.ctrip.com/sight/changchun216.html
吉林,吉林市,https://you.ctrip.com/sight/jilin267.html
吉林,四平,https://you.ctrip.com/sight/siping556.html
吉林,白山,https://you.ctrip.com/sight/baishan871.html
吉林,通化,https://you.ctrip.com/sight/tonghua874.html
吉林,白城,https://you.ctrip.com/sight/baicheng870.html
吉林,松原,https://you.ctrip.com/sight/songyuan873.html
吉林,长白,https://you.ctrip.com/sight/changbai2463.html
宁夏,银川,https://you.ctrip.com/sight/yinchuan239.html
宁夏,中卫,https://you.ctrip.com/sight/zhongwei1184.html
宁夏,吴忠,https://you.ctrip.com/sight/wuzhong890.html
宁夏,固原,https://you.ctrip.com/sight/guyuan888.html
宁夏,石嘴山,https://you.ctrip.com/sight/shizuishan889.html
陕西,西安,https://you.ctrip.com/sight/xian7.html
陕西,咸阳,https://you.ctrip.com/sight/xianyang632.html
陕西,汉中,https://you.ctrip.com/sight/hanzhong486.html
陕西,宝鸡,https://you.ctrip.com/sight/baoji422.html
陕西,榆林,https://you.ctrip.com/sight/yulin485.html
陕西,安康,https://you.ctrip.com/sight/ankang545.html
陕西,渭南,https://you.ctrip.com/sight/weinan908.html
陕西,延安,https://you.ctrip.com/sight/yanan423.html
陕西,商洛,https://you.ctrip.com/sight/shangluo906.html
陕西,铜川,https://you.ctrip.com/sight/tongchuan907.html
湖南,长沙,https://you.ctrip.com/sight/changsha148.html
湖南,张家界,https://you.ctrip.com/sight/zhangjiajie23.html
湖南,衡阳,https://you.ctrip.com/sight/hengyang864.html
湖南,郴州,https://you.ctrip.com/sight/chenzhou336.html
湖南,岳阳,https://you.ctrip.com/sight/yueyang287.html
湖南,怀化,https://you.ctrip.com/sight/huaihua655.html
湖南,株洲,https://you.ctrip.com/sight/zhuzhou1174.html
湖南,常德,https://you.ctrip.com/sight/changde417.html
湖南,邵阳,https://you.ctrip.com/sight/shaoyang867.html
湖南,湘潭,https://you.ctrip.com/sight/xiangtan1417.html
湖南,永州,https://you.ctrip.com/sight/yongzhou869.html
湖南,娄底,https://you.ctrip.com/sight/loudi866.html
湖南,益阳,https://you.ctrip.com/sight/yiyang868.html
安徽,合肥,https://you.ctrip.com/sight/hefei196.html
安徽,黄山,https://you.ctrip.com/sight/huangshan120061.html
安徽,芜湖,https://you.ctrip.com/sight/wuhu457.html
安徽,阜阳,https://you.ctrip.com/sight/fuyang361.html
安徽,蚌埠,https://you.ctrip.com/sight/bengbu205.html
安徽,池州,https://you.ctrip.com/sight/chizhou825.html
安徽,安庆,https://you.ctrip.com/sight/anqing179.html
安徽,淮南,https://you.ctrip.com/sight/huainan638.html
安徽,六安,https://you.ctrip.com/sight/luan502.html
安徽,宿州,https://you.ctrip.com/sight/suzhou672.html
安徽,亳州,https://you.ctrip.com/sight/bozhou404.html
安徽,马鞍山,https://you.ctrip.com/sight/maanshan503.html
安徽,滁州,https://you.ctrip.com/sight/chuzhou228.html
安徽,铜陵,https://you.ctrip.com/sight/tongling472.html
安徽,宣城,https://you.ctrip.com/sight/xuancheng504.html
安徽,淮北,https://you.ctrip.com/sight/huaibei657.html
广西,南宁,https://you.ctrip.com/sight/nanning166.html
广西,桂林,https://you.ctrip.com/sight/guilin28.html
广西,北海,https://you.ctrip.com/sight/beihai140.html
广西,柳州,https://you.ctrip.com/sight/liuzhou143.html
广西,崇左,https://you.ctrip.com/sight/chongzuo837.html
广西,玉林,https://you.ctrip.com/sight/yulin141.html
广西,贺州,https://you.ctrip.com/sight/hezhou707.html
广西,百色,https://you.ctrip.com/sight/baise524.html
广西,梧州,https://you.ctrip.com/sight/wuzhou142.html
广西,防城港,https://you.ctrip.com/sight/fangchenggang698.html
广西,贵港,https://you.ctrip.com/sight/guigang711.html
广西,钦州,https://you.ctrip.com/sight/qinzhou697.html
广西,河池,https://you.ctrip.com/sight/hechi838.html
广西,来宾,https://you.ctrip.com/sight/laibin839.html
云南,昆明,https://you.ctrip.com/sight/kunming29.html
云南,丽江,https://you.ctrip.com/sight/lijiang32.html
云南,保山,https://you.ctrip.com/sight/baoshan420.html
云南,曲靖,https://you.ctrip.com/sight/qujing509.html
云南,昭通,https://you.ctrip.com/sight/zhaotong929.html
云南,普洱,https://you.ctrip.com/sight/puer928.html
云南,玉溪,https://you.ctrip.com/sight/yuxi477.html
云南,临沧,https://you.ctrip.com/sight/lincang926.html
云南,西双版纳,https://you.ctrip.com/sight/xishuangbanna30.html
云南,大理白族自治州,https://you.ctrip.com/sight/daliprefecture31.html
黑龙江,哈尔滨,https://you.ctrip.com/sight/harbin151.html
黑龙江,齐齐哈尔,https://you.ctrip.com/sight/qiqihar395.html
黑龙江,牡丹江,https://you.ctrip.com/sight/mudanjiang264.html
黑龙江,佳木斯,https://you.ctrip.com/sight/jiamusi501.html
黑龙江,大庆,https://you.ctrip.com/sight/daqing531.html
黑龙江,鸡西,https://you.ctrip.com/sight/jixi852.html
黑龙江,黑河,https://you.ctrip.com/sight/heihe265.html
黑龙江,绥化,https://you.ctrip.com/sight/suihua856.html
黑龙江,伊春,https://you.ctrip.com/sight/yichun498.html
黑龙江,双鸭山,https://you.ctrip.com/sight/shuangyashan854.html
黑龙江,鹤岗,https://you.ctrip.com/sight/hegang811.html
黑龙江,七台河,https://you.ctrip.com/sight/qitaihe1179.html
黑龙江,大兴安岭,https://you.ctrip.com/sight/daxinganling396.html
贵州,贵阳,https://you.ctrip.com/sight/guiyang33.html
贵州,遵义,https://you.ctrip.com/sight/zunyi204.html
贵州,安顺,https://you.ctrip.com/sight/anshun518.html
贵州,六盘水,https://you.ctrip.com/sight/liupanshui679.html
贵州,铜仁,https://you.ctrip.com/sight/tongren680.html
贵州,毕节,https://you.ctrip.com/sight/bijie521.html
贵州,黔西南,https://you.ctrip.com/sight/qianxinan1428.html
贵州,黔南,https://you.ctrip.com/sight/qiannan2374.html
贵州,黔东南,https://you.ctrip.com/sight/qiandongnan2375.html
新疆,乌鲁木齐,https://you.ctrip.com/sight/urumqi117.html
新疆,克拉玛依,https://you.ctrip.com/sight/karamay428.html
新疆,吐鲁番,https://you.ctrip.com/sight/turpan35.html
新疆,哈密,https://you.ctrip.com/sight/hami567.html
新疆,喀什市,https://you.ctrip.com/sight/kashgar2507.html
新疆,伊犁,https://you.ctrip.com/sight/ili115.html
新疆,库尔勒,https://you.ctrip.com/sight/korla429.html
新疆,阿克苏地区,https://you.ctrip.com/sight/aksuprefecture920.html
新疆,喀什地区,https://you.ctrip.com/sight/kashgarprefecture124.html
新疆,伊宁市,https://you.ctrip.com/sight/yining2058.html
新疆,阿勒泰地区,https://you.ctrip.com/sight/altayprefecture427.html
新疆,和田市,https://you.ctrip.com/sight/hotan2487.html
新疆,石河子,https://you.ctrip.com/sight/shihezi1168.html
新疆,阿勒泰市,https://you.ctrip.com/sight/aletaishi2482.html
新疆,阿拉尔,https://you.ctrip.com/sight/alaer120078.html
江西,南昌,https://you.ctrip.com/sight/nanchang175.html
江西,景德镇,https://you.ctrip.com/sight/jingdezhen405.html
江西,赣州,https://you.ctrip.com/sight/ganzhou473.html
江西,上饶,https://you.ctrip.com/sight/shangrao547.html
江西,九江,https://you.ctrip.com/sight/jiujiang877.html
江西,宜春,https://you.ctrip.com/sight/yichun743.html
江西,萍乡,https://you.ctrip.com/sight/pingxiang714.html
江西,吉安,https://you.ctrip.com/sight/jian876.html
江西,鹰潭,https://you.ctrip.com/sight/yingtan186.html
江西,抚州,https://you.ctrip.com/sight/fuzhou875.html
江西,新余,https://you.ctrip.com/sight/xinyu878.html
甘肃,兰州,https://you.ctrip.com/sight/lanzhou231.html
甘肃,敦煌,https://you.ctrip.com/sight/dunhuang8.html
甘肃,天水,https://you.ctrip.com/sight/tianshui285.html
甘肃,张掖,https://you.ctrip.com/sight/zhangye283.html
甘肃,嘉峪关,https://you.ctrip.com/sight/jiayuguan284.html
甘肃,陇南,https://you.ctrip.com/sight/longnan1491.html
甘肃,酒泉,https://you.ctrip.com/sight/jiuquan282.html
甘肃,武威,https://you.ctrip.com/sight/wuwei290.html
甘肃,庆阳,https://you.ctrip.com/sight/qingyang834.html
甘肃,金昌,https://you.ctrip.com/sight/jinchang832.html
甘肃,定西,https://you.ctrip.com/sight/dingxi830.html
甘肃,白银,https://you.ctrip.com/sight/baiyin828.html
甘肃,平凉,https://you.ctrip.com/sight/pingliang424.html
青海,西宁,https://you.ctrip.com/sight/xining237.html
青海,海东,https://you.ctrip.com/sight/haidong120010.html
青海,海西,https://you.ctrip.com/sight/haixizhou120012.html
青海,海北,https://you.ctrip.com/sight/haibei120014.html
河北,石家庄,https://you.ctrip.com/sight/shijiazhuang199.html
河北,秦皇岛,https://you.ctrip.com/sight/qinhuangdao132.html
河北,唐山,https://you.ctrip.com/sight/tangshan200.html
河北,保定,https://you.ctrip.com/sight/baoding459.html
河北,张家口,https://you.ctrip.com/sight/zhangjiakou497.html
河北,邯郸,https://you.ctrip.com/sight/handan495.html
河北,廊坊,https://you.ctrip.com/sight/langfang582.html
河北,沧州,https://you.ctrip.com/sight/cangzhou540.html
河北,承德,https://you.ctrip.com/sight/chengde135.html
河北,邢台,https://you.ctrip.com/sight/xingtai460.html
河北,衡水,https://you.ctrip.com/sight/hengshui461.html
内蒙古,呼和浩特,https://you.ctrip.com/sight/hohhot156.html
内蒙古,包头,https://you.ctrip.com/sight/baotou347.html
内蒙古,赤峰,https://you.ctrip.com/sight/chifeng483.html
内蒙古,通辽,https://you.ctrip.com/sight/tongliao885.html
内蒙古,鄂尔多斯,https://you.ctrip.com/sight/ordos600.html
内蒙古,呼伦贝尔,https://you.ctrip.com/sight/hulunbuir458.html
内蒙古,乌兰察布,https://you.ctrip.com/sight/ulanqab1358.html
内蒙古,乌海,https://you.ctrip.com/sight/wuhai677.html
内蒙古,巴彦淖尔,https://you.ctrip.com/sight/bayannur883.html
内蒙古,兴安盟,https://you.ctrip.com/sight/xinganmeng886.html
内蒙古,锡林郭勒盟,https://you.ctrip.com/sight/xilinguole484.html
内蒙古,阿拉善,https://you.ctrip.com/sight/alxa1193.html
河南,郑州,https://you.ctrip.com/sight/zhengzhou157.html
河南,洛阳,https://you.ctrip.com/sight/luoyang198.html
河南,南阳,https://you.ctrip.com/sight/nanyang591.html
河南,许昌,https://you.ctrip.com/sight/xuchang465.html
河南,开封,https://you.ctrip.com/sight/kaifeng165.html
河南,信阳,https://you.ctrip.com/sight/xinyang448.html
河南,新乡,https://you.ctrip.com/sight/xinxiang474.html
河南,商丘,https://you.ctrip.com/sight/shangqiu849.html
河南,安阳,https://you.ctrip.com/sight/anyang412.html
河南,驻马店,https://you.ctrip.com/sight/zhumadian642.html
河南,周口,https://you.ctrip.com/sight/zhoukou709.html
河南,漯河,https://you.ctrip.com/sight/luohe664.html
河南,平顶山,https://you.ctrip.com/sight/pingdingshan810.html
河南,焦作,https://you.ctrip.com/sight/jiaozuo663.html
河南,鹤壁,https://you.ctrip.com/sight/hebi595.html
河南,三门峡,https://you.ctrip.com/sight/sanmenxia522.html
河南,濮阳,https://you.ctrip.com/sight/puyang581.html
山西,太原,https://you.ctrip.com/sight/taiyuan167.html
山西,大同,https://you.ctrip.com/sight/datong275.html
山西,运城,https://you.ctrip.com/sight/yuncheng397.html
山西,长治,https://you.ctrip.com/sight/changzhi901.html
山西,临汾,https://you.ctrip.com/sight/linfen318.html
山西,忻州,https://you.ctrip.com/sight/xinzhou783.html
山西,晋中,https://you.ctrip.com/sight/jinzhong639.html
山西,晋城,https://you.ctrip.com/sight/jincheng665.html
山西,吕梁,https://you.ctrip.com/sight/lvliang902.html
山西,阳泉,https://you.ctrip.com/sight/yangquan904.html
山西,朔州,https://you.ctrip.com/sight/shuozhou903.html
西藏,拉萨,https://you.ctrip.com/sight/lhasa36.html
西藏,林芝,https://you.ctrip.com/sight/nyingchi126.html
西藏,日喀则,https://you.ctrip.com/sight/rikaze100.html
西藏,那曲,https://you.ctrip.com/sight/naqu919.html
西藏,昌都,https://you.ctrip.com/sight/qamdo559.html
西藏,山南,https://you.ctrip.com/sight/shannan339.html